Nombre de la tarea,Bloqueado por,Bloqueando,Estado,Etiquetas,Fecha límite,ID,Prioridad,Proyecto,Responsable,Subtareas,Tarea principal
Crear posicionamiento del producto,,,Sin empezar,Marca,9 de mayo de 2023,8,Alta,,Sohrab Amin,,
Redactar Módulo 2,,,Completado,Procesos,18 de julio de 2024,9,Media,Realización Contenido Flujo de Capacitación DTE (Proyectos%20Lorena%20Moreno%20Doymar%20Raga/Proyectos/Realizaci%C3%B3n%20Contenido%20Flujo%20de%20Capacitaci%C3%B3n%20DTE%20bcbb7cbb8ded4fd1818beb019b1cc0fd.html),Lorena Moreno,"Módulo 2.1 (Proyectos%20Lorena%20Moreno%20Doymar%20Raga/Tareas/M%C3%B3dulo%202%201%20333abe25e37e4a30a20ff298e9ea5495.html), Módulo 2.2 (Proyectos%20Lorena%20Moreno%20Doymar%20Raga/Tareas/M%C3%B3dulo%202%202%202567c3f4ee794946bbcd70c929a47d0f.html), Módulo 2.3 (Proyectos%20Lorena%20Moreno%20Doymar%20Raga/Tareas/M%C3%B3dulo%202%203%208124a83b216c4ca2abe9415b9f04d917.html), Módulo 2.4 (Proyectos%20Lorena%20Moreno%20Doymar%20Raga/Tareas/M%C3%B3dulo%202%204%209ed6ecf4503e42d3be943afad72e8c25.html), Módulo 2.5 (Proyectos%20Lorena%20Moreno%20Doymar%20Raga/Tareas/M%C3%B3dulo%202%205%209837c1866faa437d98cf5db6687bfb1f.html), Módulo 2.6 (Proyectos%20Lorena%20Moreno%20Doymar%20Raga/Tareas/M%C3%B3dulo%202%206%209329806150114067933ae746ebf1cad5.html), Módulo 2.7 (Proyectos%20Lorena%20Moreno%20Doymar%20Raga/Tareas/M%C3%B3dulo%202%207%20a64d98eb38754a60b3a2d8b944ba50ab.html)",
Redactar Módulo 1,,,Completado,Procesos,5 de julio de 2024,10,Media,Realización Contenido Flujo de Capacitación DTE (Proyectos%20Lorena%20Moreno%20Doymar%20Raga/Proyectos/Realizaci%C3%B3n%20Contenido%20Flujo%20de%20Capacitaci%C3%B3n%20DTE%20bcbb7cbb8ded4fd1818beb019b1cc0fd.html),Lorena Moreno,"Módulo 1.1 (Proyectos%20Lorena%20Moreno%20Doymar%20Raga/Tareas/M%C3%B3dulo%201%201%20d532cc9cc76746fca81db1d5ed5174a6.html), Módulo 1.2 (Proyectos%20Lorena%20Moreno%20Doymar%20Raga/Tareas/M%C3%B3dulo%201%202%20afa4ead6e976411bba3aeebe64994c94.html), Módulo 1.3 (Proyectos%20Lorena%20Moreno%20Doymar%20Raga/Tareas/M%C3%B3dulo%201%203%205d5263738f1e46319742f9d85822c214.html), Módulo 1.4 (Proyectos%20Lorena%20Moreno%20Doymar%20Raga/Tareas/M%C3%B3dulo%201%204%2073640f7b286f454ba582c3d4121b72c5.html), Módulo 1.5 (Proyectos%20Lorena%20Moreno%20Doymar%20Raga/Tareas/M%C3%B3dulo%201%205%20b81647a376964b339cc14dcdcac0f77e.html)",
Supervisar el rendimiento del lanzamiento,,,Sin empezar,Métricas,22 de mayo de 2023,11,Alta,,Ben Lang,,
Elaborar estudio Facturante Argentina,,,Completado,Investigación,15 de julio de 2024,12,Media,Estudio de investigación (Proyectos%20Lorena%20Moreno%20Doymar%20Raga/Proyectos/Estudio%20de%20investigaci%C3%B3n%20d041dc52fdc64da2ad92c1837434de39.html),Lorena Moreno,,
Crear un video de demostración del producto,,,Sin empezar,Producción de video,12 de mayo de 2023,13,Alta,,Nate Martins,,
Seguimiento Sprint 41,,,Completado,Seguimiento,18 de julio de 2024,14,Baja,Seguimiento RFP (Proyectos%20Lorena%20Moreno%20Doymar%20Raga/Proyectos/Seguimiento%20RFP%20e1ccb88ed2084a78accfabff7f8cc0a7.html),Lorena Moreno,,
Módulo 1.1,,,Completado,,,16,,Realización Contenido Flujo de Capacitación DTE (Proyectos%20Lorena%20Moreno%20Doymar%20Raga/Proyectos/Realizaci%C3%B3n%20Contenido%20Flujo%20de%20Capacitaci%C3%B3n%20DTE%20bcbb7cbb8ded4fd1818beb019b1cc0fd.html),,,Redactar Módulo 1 (Proyectos%20Lorena%20Moreno%20Doymar%20Raga/Tareas/Redactar%20M%C3%B3dulo%201%207f0d07c7d49742fc9afe67fb5599c920.html)
Módulo 1.2,,,Completado,,,17,,Realización Contenido Flujo de Capacitación DTE (Proyectos%20Lorena%20Moreno%20Doymar%20Raga/Proyectos/Realizaci%C3%B3n%20Contenido%20Flujo%20de%20Capacitaci%C3%B3n%20DTE%20bcbb7cbb8ded4fd1818beb019b1cc0fd.html),,,Redactar Módulo 1 (Proyectos%20Lorena%20Moreno%20Doymar%20Raga/Tareas/Redactar%20M%C3%B3dulo%201%207f0d07c7d49742fc9afe67fb5599c920.html)
Módulo 1.3,,,Completado,,,18,,Realización Contenido Flujo de Capacitación DTE (Proyectos%20Lorena%20Moreno%20Doymar%20Raga/Proyectos/Realizaci%C3%B3n%20Contenido%20Flujo%20de%20Capacitaci%C3%B3n%20DTE%20bcbb7cbb8ded4fd1818beb019b1cc0fd.html),,,Redactar Módulo 1 (Proyectos%20Lorena%20Moreno%20Doymar%20Raga/Tareas/Redactar%20M%C3%B3dulo%201%207f0d07c7d49742fc9afe67fb5599c920.html)
Módulo 1.4,,,Completado,,,19,,Realización Contenido Flujo de Capacitación DTE (Proyectos%20Lorena%20Moreno%20Doymar%20Raga/Proyectos/Realizaci%C3%B3n%20Contenido%20Flujo%20de%20Capacitaci%C3%B3n%20DTE%20bcbb7cbb8ded4fd1818beb019b1cc0fd.html),,,Redactar Módulo 1 (Proyectos%20Lorena%20Moreno%20Doymar%20Raga/Tareas/Redactar%20M%C3%B3dulo%201%207f0d07c7d49742fc9afe67fb5599c920.html)
Módulo 1.5,,,Completado,,,20,,Realización Contenido Flujo de Capacitación DTE (Proyectos%20Lorena%20Moreno%20Doymar%20Raga/Proyectos/Realizaci%C3%B3n%20Contenido%20Flujo%20de%20Capacitaci%C3%B3n%20DTE%20bcbb7cbb8ded4fd1818beb019b1cc0fd.html),,,Redactar Módulo 1 (Proyectos%20Lorena%20Moreno%20Doymar%20Raga/Tareas/Redactar%20M%C3%B3dulo%201%207f0d07c7d49742fc9afe67fb5599c920.html)
Módulo 2.1,,,Completado,,,23,,Realización Contenido Flujo de Capacitación DTE (Proyectos%20Lorena%20Moreno%20Doymar%20Raga/Proyectos/Realizaci%C3%B3n%20Contenido%20Flujo%20de%20Capacitaci%C3%B3n%20DTE%20bcbb7cbb8ded4fd1818beb019b1cc0fd.html),,,Redactar Módulo 2 (Proyectos%20Lorena%20Moreno%20Doymar%20Raga/Tareas/Redactar%20M%C3%B3dulo%202%205f0a10c01ed74284a4e8c8cd9e76bed4.html)
Módulo 2.2,,,Completado,,,24,,Realización Contenido Flujo de Capacitación DTE (Proyectos%20Lorena%20Moreno%20Doymar%20Raga/Proyectos/Realizaci%C3%B3n%20Contenido%20Flujo%20de%20Capacitaci%C3%B3n%20DTE%20bcbb7cbb8ded4fd1818beb019b1cc0fd.html),,,Redactar Módulo 2 (Proyectos%20Lorena%20Moreno%20Doymar%20Raga/Tareas/Redactar%20M%C3%B3dulo%202%205f0a10c01ed74284a4e8c8cd9e76bed4.html)
Módulo 2.3,,,Completado,,,25,,Realización Contenido Flujo de Capacitación DTE (Proyectos%20Lorena%20Moreno%20Doymar%20Raga/Proyectos/Realizaci%C3%B3n%20Contenido%20Flujo%20de%20Capacitaci%C3%B3n%20DTE%20bcbb7cbb8ded4fd1818beb019b1cc0fd.html),,,Redactar Módulo 2 (Proyectos%20Lorena%20Moreno%20Doymar%20Raga/Tareas/Redactar%20M%C3%B3dulo%202%205f0a10c01ed74284a4e8c8cd9e76bed4.html)
Módulo 2.4,,,Completado,,,26,,Realización Contenido Flujo de Capacitación DTE (Proyectos%20Lorena%20Moreno%20Doymar%20Raga/Proyectos/Realizaci%C3%B3n%20Contenido%20Flujo%20de%20Capacitaci%C3%B3n%20DTE%20bcbb7cbb8ded4fd1818beb019b1cc0fd.html),,,Redactar Módulo 2 (Proyectos%20Lorena%20Moreno%20Doymar%20Raga/Tareas/Redactar%20M%C3%B3dulo%202%205f0a10c01ed74284a4e8c8cd9e76bed4.html)
Módulo 2.5,,,Completado,,,27,,Realización Contenido Flujo de Capacitación DTE (Proyectos%20Lorena%20Moreno%20Doymar%20Raga/Proyectos/Realizaci%C3%B3n%20Contenido%20Flujo%20de%20Capacitaci%C3%B3n%20DTE%20bcbb7cbb8ded4fd1818beb019b1cc0fd.html),,,Redactar Módulo 2 (Proyectos%20Lorena%20Moreno%20Doymar%20Raga/Tareas/Redactar%20M%C3%B3dulo%202%205f0a10c01ed74284a4e8c8cd9e76bed4.html)
Módulo 2.6,,,Completado,,,28,,Realización Contenido Flujo de Capacitación DTE (Proyectos%20Lorena%20Moreno%20Doymar%20Raga/Proyectos/Realizaci%C3%B3n%20Contenido%20Flujo%20de%20Capacitaci%C3%B3n%20DTE%20bcbb7cbb8ded4fd1818beb019b1cc0fd.html),,,Redactar Módulo 2 (Proyectos%20Lorena%20Moreno%20Doymar%20Raga/Tareas/Redactar%20M%C3%B3dulo%202%205f0a10c01ed74284a4e8c8cd9e76bed4.html)
Módulo 2.7,,,Completado,,,29,,Realización Contenido Flujo de Capacitación DTE (Proyectos%20Lorena%20Moreno%20Doymar%20Raga/Proyectos/Realizaci%C3%B3n%20Contenido%20Flujo%20de%20Capacitaci%C3%B3n%20DTE%20bcbb7cbb8ded4fd1818beb019b1cc0fd.html),,,Redactar Módulo 2 (Proyectos%20Lorena%20Moreno%20Doymar%20Raga/Tareas/Redactar%20M%C3%B3dulo%202%205f0a10c01ed74284a4e8c8cd9e76bed4.html)
Redactar Módulo 3,,,Completado,Procesos,2 de septiembre de 2024,30,Media,Realización Contenido Flujo de Capacitación DTE (Proyectos%20Lorena%20Moreno%20Doymar%20Raga/Proyectos/Realizaci%C3%B3n%20Contenido%20Flujo%20de%20Capacitaci%C3%B3n%20DTE%20bcbb7cbb8ded4fd1818beb019b1cc0fd.html),Lorena Moreno,"Módulo 3.1 (Proyectos%20Lorena%20Moreno%20Doymar%20Raga/Tareas/M%C3%B3dulo%203%201%20157e0258ba6e4597898846ef0839fa5e.html), Módulo 3.2 (Proyectos%20Lorena%20Moreno%20Doymar%20Raga/Tareas/M%C3%B3dulo%203%202%20166d678ce3b240b8a85bf146c6828d8b.html), Módulo 3.3 (Proyectos%20Lorena%20Moreno%20Doymar%20Raga/Tareas/M%C3%B3dulo%203%203%20258ade8e71f142b4a918f1f0815041e0.html), Módulo 3.4 (Proyectos%20Lorena%20Moreno%20Doymar%20Raga/Tareas/M%C3%B3dulo%203%204%201146ddeecab549538d3716d88783409d.html), Módulo 3.5 (Proyectos%20Lorena%20Moreno%20Doymar%20Raga/Tareas/M%C3%B3dulo%203%205%20937731dd6b3a4993ab55490bb7d9a859.html), Módulo 3.6 (Proyectos%20Lorena%20Moreno%20Doymar%20Raga/Tareas/M%C3%B3dulo%203%206%201bf4e185a32c4164973887478a6b790a.html), Módulo 3.7 (Proyectos%20Lorena%20Moreno%20Doymar%20Raga/Tareas/M%C3%B3dulo%203%207%20633132f6282d4f41921876c596fb6335.html)",
Módulo 3.1,,,Completado,,,31,,Realización Contenido Flujo de Capacitación DTE (Proyectos%20Lorena%20Moreno%20Doymar%20Raga/Proyectos/Realizaci%C3%B3n%20Contenido%20Flujo%20de%20Capacitaci%C3%B3n%20DTE%20bcbb7cbb8ded4fd1818beb019b1cc0fd.html),,,Redactar Módulo 3 (Proyectos%20Lorena%20Moreno%20Doymar%20Raga/Tareas/Redactar%20M%C3%B3dulo%203%200759c3701e6446f2bac3e71f2c25b56e.html)
Módulo 3.2,,,Completado,,,32,,Realización Contenido Flujo de Capacitación DTE (Proyectos%20Lorena%20Moreno%20Doymar%20Raga/Proyectos/Realizaci%C3%B3n%20Contenido%20Flujo%20de%20Capacitaci%C3%B3n%20DTE%20bcbb7cbb8ded4fd1818beb019b1cc0fd.html),,,Redactar Módulo 3 (Proyectos%20Lorena%20Moreno%20Doymar%20Raga/Tareas/Redactar%20M%C3%B3dulo%203%200759c3701e6446f2bac3e71f2c25b56e.html)
Módulo 3.3,,,Completado,,,33,,Realización Contenido Flujo de Capacitación DTE (Proyectos%20Lorena%20Moreno%20Doymar%20Raga/Proyectos/Realizaci%C3%B3n%20Contenido%20Flujo%20de%20Capacitaci%C3%B3n%20DTE%20bcbb7cbb8ded4fd1818beb019b1cc0fd.html),,,Redactar Módulo 3 (Proyectos%20Lorena%20Moreno%20Doymar%20Raga/Tareas/Redactar%20M%C3%B3dulo%203%200759c3701e6446f2bac3e71f2c25b56e.html)
Módulo 3.4,,,Completado,,,34,,Realización Contenido Flujo de Capacitación DTE (Proyectos%20Lorena%20Moreno%20Doymar%20Raga/Proyectos/Realizaci%C3%B3n%20Contenido%20Flujo%20de%20Capacitaci%C3%B3n%20DTE%20bcbb7cbb8ded4fd1818beb019b1cc0fd.html),,,Redactar Módulo 3 (Proyectos%20Lorena%20Moreno%20Doymar%20Raga/Tareas/Redactar%20M%C3%B3dulo%203%200759c3701e6446f2bac3e71f2c25b56e.html)
Módulo 3.5,,,Completado,,,35,,Realización Contenido Flujo de Capacitación DTE (Proyectos%20Lorena%20Moreno%20Doymar%20Raga/Proyectos/Realizaci%C3%B3n%20Contenido%20Flujo%20de%20Capacitaci%C3%B3n%20DTE%20bcbb7cbb8ded4fd1818beb019b1cc0fd.html),,,Redactar Módulo 3 (Proyectos%20Lorena%20Moreno%20Doymar%20Raga/Tareas/Redactar%20M%C3%B3dulo%203%200759c3701e6446f2bac3e71f2c25b56e.html)
Módulo 3.6,,,Completado,,,36,,Realización Contenido Flujo de Capacitación DTE (Proyectos%20Lorena%20Moreno%20Doymar%20Raga/Proyectos/Realizaci%C3%B3n%20Contenido%20Flujo%20de%20Capacitaci%C3%B3n%20DTE%20bcbb7cbb8ded4fd1818beb019b1cc0fd.html),,,Redactar Módulo 3 (Proyectos%20Lorena%20Moreno%20Doymar%20Raga/Tareas/Redactar%20M%C3%B3dulo%203%200759c3701e6446f2bac3e71f2c25b56e.html)
Módulo 3.7,,,Completado,,,37,,Realización Contenido Flujo de Capacitación DTE (Proyectos%20Lorena%20Moreno%20Doymar%20Raga/Proyectos/Realizaci%C3%B3n%20Contenido%20Flujo%20de%20Capacitaci%C3%B3n%20DTE%20bcbb7cbb8ded4fd1818beb019b1cc0fd.html),,,Redactar Módulo 3 (Proyectos%20Lorena%20Moreno%20Doymar%20Raga/Tareas/Redactar%20M%C3%B3dulo%203%200759c3701e6446f2bac3e71f2c25b56e.html)
Redactar Módulo 4,,,Completado,Procesos,2 de septiembre de 2024,38,Media,Realización Contenido Flujo de Capacitación DTE (Proyectos%20Lorena%20Moreno%20Doymar%20Raga/Proyectos/Realizaci%C3%B3n%20Contenido%20Flujo%20de%20Capacitaci%C3%B3n%20DTE%20bcbb7cbb8ded4fd1818beb019b1cc0fd.html),Lorena Moreno,"Módulo 4.1 (Proyectos%20Lorena%20Moreno%20Doymar%20Raga/Tareas/M%C3%B3dulo%204%201%201121daab6d0646a188d6924ccbb3dacc.html), Módulo 4.2 (Proyectos%20Lorena%20Moreno%20Doymar%20Raga/Tareas/M%C3%B3dulo%204%202%2085af1651e2d94462a688856512fe4203.html), Módulo 4.3 (Proyectos%20Lorena%20Moreno%20Doymar%20Raga/Tareas/M%C3%B3dulo%204%203%2079884849011b473c9967aa6ec8a16cce.html), Módulo 4.4 (Proyectos%20Lorena%20Moreno%20Doymar%20Raga/Tareas/M%C3%B3dulo%204%204%20d7a41587df1e4c85bf9f32454b837431.html), Módulo 4.5 (Proyectos%20Lorena%20Moreno%20Doymar%20Raga/Tareas/M%C3%B3dulo%204%205%200492ce25735149799e92e816830c9f69.html), Módulo 4.6 (Proyectos%20Lorena%20Moreno%20Doymar%20Raga/Tareas/M%C3%B3dulo%204%206%2058fa3c8118ee44b4958731ec55b30400.html), Módulo 4.7 (Proyectos%20Lorena%20Moreno%20Doymar%20Raga/Tareas/M%C3%B3dulo%204%207%2060e4fbeb1c634f418ade9b4c16bb637d.html)",
Módulo 4.1,,,Completado,,,39,,Realización Contenido Flujo de Capacitación DTE (Proyectos%20Lorena%20Moreno%20Doymar%20Raga/Proyectos/Realizaci%C3%B3n%20Contenido%20Flujo%20de%20Capacitaci%C3%B3n%20DTE%20bcbb7cbb8ded4fd1818beb019b1cc0fd.html),,,Redactar Módulo 4 (Proyectos%20Lorena%20Moreno%20Doymar%20Raga/Tareas/Redactar%20M%C3%B3dulo%204%20694c1c903ab041b995769a659ac3e371.html)
Módulo 4.2,,,Completado,,,40,,Realización Contenido Flujo de Capacitación DTE (Proyectos%20Lorena%20Moreno%20Doymar%20Raga/Proyectos/Realizaci%C3%B3n%20Contenido%20Flujo%20de%20Capacitaci%C3%B3n%20DTE%20bcbb7cbb8ded4fd1818beb019b1cc0fd.html),,,Redactar Módulo 4 (Proyectos%20Lorena%20Moreno%20Doymar%20Raga/Tareas/Redactar%20M%C3%B3dulo%204%20694c1c903ab041b995769a659ac3e371.html)
Módulo 4.3,,,Completado,,,41,,Realización Contenido Flujo de Capacitación DTE (Proyectos%20Lorena%20Moreno%20Doymar%20Raga/Proyectos/Realizaci%C3%B3n%20Contenido%20Flujo%20de%20Capacitaci%C3%B3n%20DTE%20bcbb7cbb8ded4fd1818beb019b1cc0fd.html),,,Redactar Módulo 4 (Proyectos%20Lorena%20Moreno%20Doymar%20Raga/Tareas/Redactar%20M%C3%B3dulo%204%20694c1c903ab041b995769a659ac3e371.html)
Módulo 4.4,,,Completado,,,42,,Realización Contenido Flujo de Capacitación DTE (Proyectos%20Lorena%20Moreno%20Doymar%20Raga/Proyectos/Realizaci%C3%B3n%20Contenido%20Flujo%20de%20Capacitaci%C3%B3n%20DTE%20bcbb7cbb8ded4fd1818beb019b1cc0fd.html),,,Redactar Módulo 4 (Proyectos%20Lorena%20Moreno%20Doymar%20Raga/Tareas/Redactar%20M%C3%B3dulo%204%20694c1c903ab041b995769a659ac3e371.html)
Módulo 4.5,,,Completado,,,43,,Realización Contenido Flujo de Capacitación DTE (Proyectos%20Lorena%20Moreno%20Doymar%20Raga/Proyectos/Realizaci%C3%B3n%20Contenido%20Flujo%20de%20Capacitaci%C3%B3n%20DTE%20bcbb7cbb8ded4fd1818beb019b1cc0fd.html),,,Redactar Módulo 4 (Proyectos%20Lorena%20Moreno%20Doymar%20Raga/Tareas/Redactar%20M%C3%B3dulo%204%20694c1c903ab041b995769a659ac3e371.html)
Módulo 4.6,,,Completado,,,44,,Realización Contenido Flujo de Capacitación DTE (Proyectos%20Lorena%20Moreno%20Doymar%20Raga/Proyectos/Realizaci%C3%B3n%20Contenido%20Flujo%20de%20Capacitaci%C3%B3n%20DTE%20bcbb7cbb8ded4fd1818beb019b1cc0fd.html),,,Redactar Módulo 4 (Proyectos%20Lorena%20Moreno%20Doymar%20Raga/Tareas/Redactar%20M%C3%B3dulo%204%20694c1c903ab041b995769a659ac3e371.html)
Módulo 4.7,,,Completado,,,45,,Realización Contenido Flujo de Capacitación DTE (Proyectos%20Lorena%20Moreno%20Doymar%20Raga/Proyectos/Realizaci%C3%B3n%20Contenido%20Flujo%20de%20Capacitaci%C3%B3n%20DTE%20bcbb7cbb8ded4fd1818beb019b1cc0fd.html),,,Redactar Módulo 4 (Proyectos%20Lorena%20Moreno%20Doymar%20Raga/Tareas/Redactar%20M%C3%B3dulo%204%20694c1c903ab041b995769a659ac3e371.html)
Redactar Módulo 5,,,Completado,Procesos,23 de septiembre de 2024,46,Media,Realización Contenido Flujo de Capacitación DTE (Proyectos%20Lorena%20Moreno%20Doymar%20Raga/Proyectos/Realizaci%C3%B3n%20Contenido%20Flujo%20de%20Capacitaci%C3%B3n%20DTE%20bcbb7cbb8ded4fd1818beb019b1cc0fd.html),Lorena Moreno,"Módulo 5.1 (Proyectos%20Lorena%20Moreno%20Doymar%20Raga/Tareas/M%C3%B3dulo%205%201%20679da6bec4db4d4cba7176f68a5eb86d.html), Módulo 5.2 (Proyectos%20Lorena%20Moreno%20Doymar%20Raga/Tareas/M%C3%B3dulo%205%202%20932159cbd1ad407aa9e3f36dd64649fd.html), Módulo 5.3 (Proyectos%20Lorena%20Moreno%20Doymar%20Raga/Tareas/M%C3%B3dulo%205%203%203c00879049624f96b0706df2144cb8f7.html), Módulo 5.4 (Proyectos%20Lorena%20Moreno%20Doymar%20Raga/Tareas/M%C3%B3dulo%205%204%200477b2bdc9bc47dd90bb247631d8aa21.html), Módulo 5.5 (Proyectos%20Lorena%20Moreno%20Doymar%20Raga/Tareas/M%C3%B3dulo%205%205%2024cfe9494f5f4e7eadde38df1a6a7ef8.html), Módulo 5.6 (Proyectos%20Lorena%20Moreno%20Doymar%20Raga/Tareas/M%C3%B3dulo%205%206%20aafd91263baa4bb78e7f4d7a403e1053.html)",
Módulo 5.1,,,Completado,,,47,,Realización Contenido Flujo de Capacitación DTE (Proyectos%20Lorena%20Moreno%20Doymar%20Raga/Proyectos/Realizaci%C3%B3n%20Contenido%20Flujo%20de%20Capacitaci%C3%B3n%20DTE%20bcbb7cbb8ded4fd1818beb019b1cc0fd.html),,,Redactar Módulo 5 (Proyectos%20Lorena%20Moreno%20Doymar%20Raga/Tareas/Redactar%20M%C3%B3dulo%205%20c9e1c21e7e7d432ca5fe5bb0ecb796a4.html)
Módulo 5.2,,,Completado,,,48,,Realización Contenido Flujo de Capacitación DTE (Proyectos%20Lorena%20Moreno%20Doymar%20Raga/Proyectos/Realizaci%C3%B3n%20Contenido%20Flujo%20de%20Capacitaci%C3%B3n%20DTE%20bcbb7cbb8ded4fd1818beb019b1cc0fd.html),,,Redactar Módulo 5 (Proyectos%20Lorena%20Moreno%20Doymar%20Raga/Tareas/Redactar%20M%C3%B3dulo%205%20c9e1c21e7e7d432ca5fe5bb0ecb796a4.html)
Módulo 5.3,,,Completado,,,49,,Realización Contenido Flujo de Capacitación DTE (Proyectos%20Lorena%20Moreno%20Doymar%20Raga/Proyectos/Realizaci%C3%B3n%20Contenido%20Flujo%20de%20Capacitaci%C3%B3n%20DTE%20bcbb7cbb8ded4fd1818beb019b1cc0fd.html),,,Redactar Módulo 5 (Proyectos%20Lorena%20Moreno%20Doymar%20Raga/Tareas/Redactar%20M%C3%B3dulo%205%20c9e1c21e7e7d432ca5fe5bb0ecb796a4.html)
Módulo 5.4,,,Completado,,,50,,Realización Contenido Flujo de Capacitación DTE (Proyectos%20Lorena%20Moreno%20Doymar%20Raga/Proyectos/Realizaci%C3%B3n%20Contenido%20Flujo%20de%20Capacitaci%C3%B3n%20DTE%20bcbb7cbb8ded4fd1818beb019b1cc0fd.html),,,Redactar Módulo 5 (Proyectos%20Lorena%20Moreno%20Doymar%20Raga/Tareas/Redactar%20M%C3%B3dulo%205%20c9e1c21e7e7d432ca5fe5bb0ecb796a4.html)
Módulo 5.5,,,Completado,,,51,,Realización Contenido Flujo de Capacitación DTE (Proyectos%20Lorena%20Moreno%20Doymar%20Raga/Proyectos/Realizaci%C3%B3n%20Contenido%20Flujo%20de%20Capacitaci%C3%B3n%20DTE%20bcbb7cbb8ded4fd1818beb019b1cc0fd.html),,,Redactar Módulo 5 (Proyectos%20Lorena%20Moreno%20Doymar%20Raga/Tareas/Redactar%20M%C3%B3dulo%205%20c9e1c21e7e7d432ca5fe5bb0ecb796a4.html)
Módulo 5.6,,,Completado,,,52,,Realización Contenido Flujo de Capacitación DTE (Proyectos%20Lorena%20Moreno%20Doymar%20Raga/Proyectos/Realizaci%C3%B3n%20Contenido%20Flujo%20de%20Capacitaci%C3%B3n%20DTE%20bcbb7cbb8ded4fd1818beb019b1cc0fd.html),,,Redactar Módulo 5 (Proyectos%20Lorena%20Moreno%20Doymar%20Raga/Tareas/Redactar%20M%C3%B3dulo%205%20c9e1c21e7e7d432ca5fe5bb0ecb796a4.html)
Redactar Módulo 6,,,Completado,Procesos,26 de septiembre de 2024,54,Media,Realización Contenido Flujo de Capacitación DTE (Proyectos%20Lorena%20Moreno%20Doymar%20Raga/Proyectos/Realizaci%C3%B3n%20Contenido%20Flujo%20de%20Capacitaci%C3%B3n%20DTE%20bcbb7cbb8ded4fd1818beb019b1cc0fd.html),Lorena Moreno,"Módulo 6.1 (Proyectos%20Lorena%20Moreno%20Doymar%20Raga/Tareas/M%C3%B3dulo%206%201%2012a1c21e8d2f41cf9cabfca8d412eda1.html), Módulo 6.2 (Proyectos%20Lorena%20Moreno%20Doymar%20Raga/Tareas/M%C3%B3dulo%206%202%20fe14d9aeffab466caf7f79561904c08f.html), Módulo 6.3 (Proyectos%20Lorena%20Moreno%20Doymar%20Raga/Tareas/M%C3%B3dulo%206%203%20df530a42c4884d34958c530e6b26ad0b.html), Módulo 6.4 (Proyectos%20Lorena%20Moreno%20Doymar%20Raga/Tareas/M%C3%B3dulo%206%204%206c7ff9cadb794d8ea22b9e761f3e7726.html), Módulo 6.5 (Proyectos%20Lorena%20Moreno%20Doymar%20Raga/Tareas/M%C3%B3dulo%206%205%20bf95b44ec25641c8b75fa2386c220dbd.html), Módulo 6.6 (Proyectos%20Lorena%20Moreno%20Doymar%20Raga/Tareas/M%C3%B3dulo%206%206%2010009a731aac4f5e963567ea177996ee.html), Módulo 6.7 (Proyectos%20Lorena%20Moreno%20Doymar%20Raga/Tareas/M%C3%B3dulo%206%207%20760ac9f433ab4ddf8ae9d6adaf64ed21.html)",
Módulo 6.1,,,Completado,,,55,,Realización Contenido Flujo de Capacitación DTE (Proyectos%20Lorena%20Moreno%20Doymar%20Raga/Proyectos/Realizaci%C3%B3n%20Contenido%20Flujo%20de%20Capacitaci%C3%B3n%20DTE%20bcbb7cbb8ded4fd1818beb019b1cc0fd.html),,,Redactar Módulo 6 (Proyectos%20Lorena%20Moreno%20Doymar%20Raga/Tareas/Redactar%20M%C3%B3dulo%206%20839dedcafe5f4d98aea489465c24d980.html)
Módulo 6.2,,,Completado,,,56,,Realización Contenido Flujo de Capacitación DTE (Proyectos%20Lorena%20Moreno%20Doymar%20Raga/Proyectos/Realizaci%C3%B3n%20Contenido%20Flujo%20de%20Capacitaci%C3%B3n%20DTE%20bcbb7cbb8ded4fd1818beb019b1cc0fd.html),,,Redactar Módulo 6 (Proyectos%20Lorena%20Moreno%20Doymar%20Raga/Tareas/Redactar%20M%C3%B3dulo%206%20839dedcafe5f4d98aea489465c24d980.html)
Módulo 6.3,,,Completado,,,57,,Realización Contenido Flujo de Capacitación DTE (Proyectos%20Lorena%20Moreno%20Doymar%20Raga/Proyectos/Realizaci%C3%B3n%20Contenido%20Flujo%20de%20Capacitaci%C3%B3n%20DTE%20bcbb7cbb8ded4fd1818beb019b1cc0fd.html),,,Redactar Módulo 6 (Proyectos%20Lorena%20Moreno%20Doymar%20Raga/Tareas/Redactar%20M%C3%B3dulo%206%20839dedcafe5f4d98aea489465c24d980.html)
Módulo 6.4,,,Completado,,,58,,Realización Contenido Flujo de Capacitación DTE (Proyectos%20Lorena%20Moreno%20Doymar%20Raga/Proyectos/Realizaci%C3%B3n%20Contenido%20Flujo%20de%20Capacitaci%C3%B3n%20DTE%20bcbb7cbb8ded4fd1818beb019b1cc0fd.html),,,Redactar Módulo 6 (Proyectos%20Lorena%20Moreno%20Doymar%20Raga/Tareas/Redactar%20M%C3%B3dulo%206%20839dedcafe5f4d98aea489465c24d980.html)
Módulo 6.5,,,Completado,,,59,,Realización Contenido Flujo de Capacitación DTE (Proyectos%20Lorena%20Moreno%20Doymar%20Raga/Proyectos/Realizaci%C3%B3n%20Contenido%20Flujo%20de%20Capacitaci%C3%B3n%20DTE%20bcbb7cbb8ded4fd1818beb019b1cc0fd.html),,,Redactar Módulo 6 (Proyectos%20Lorena%20Moreno%20Doymar%20Raga/Tareas/Redactar%20M%C3%B3dulo%206%20839dedcafe5f4d98aea489465c24d980.html)
Módulo 6.6,,,Completado,,,60,,Realización Contenido Flujo de Capacitación DTE (Proyectos%20Lorena%20Moreno%20Doymar%20Raga/Proyectos/Realizaci%C3%B3n%20Contenido%20Flujo%20de%20Capacitaci%C3%B3n%20DTE%20bcbb7cbb8ded4fd1818beb019b1cc0fd.html),,,Redactar Módulo 6 (Proyectos%20Lorena%20Moreno%20Doymar%20Raga/Tareas/Redactar%20M%C3%B3dulo%206%20839dedcafe5f4d98aea489465c24d980.html)
Módulo 6.7,,,Completado,,,61,,Realización Contenido Flujo de Capacitación DTE (Proyectos%20Lorena%20Moreno%20Doymar%20Raga/Proyectos/Realizaci%C3%B3n%20Contenido%20Flujo%20de%20Capacitaci%C3%B3n%20DTE%20bcbb7cbb8ded4fd1818beb019b1cc0fd.html),,,Redactar Módulo 6 (Proyectos%20Lorena%20Moreno%20Doymar%20Raga/Tareas/Redactar%20M%C3%B3dulo%206%20839dedcafe5f4d98aea489465c24d980.html)
Redactar Módulo 7,,,Completado,Procesos,3 de octubre de 2024,62,Media,Realización Contenido Flujo de Capacitación DTE (Proyectos%20Lorena%20Moreno%20Doymar%20Raga/Proyectos/Realizaci%C3%B3n%20Contenido%20Flujo%20de%20Capacitaci%C3%B3n%20DTE%20bcbb7cbb8ded4fd1818beb019b1cc0fd.html),Lorena Moreno,"Módulo 7.1 (Proyectos%20Lorena%20Moreno%20Doymar%20Raga/Tareas/M%C3%B3dulo%207%201%20291c3361f47c4e4dbca2c00f27149cf3.html), Módulo 7.2 (Proyectos%20Lorena%20Moreno%20Doymar%20Raga/Tareas/M%C3%B3dulo%207%202%20491f7fb444cd4133a77c20c7be0825c9.html), Módulo 7.3 (Proyectos%20Lorena%20Moreno%20Doymar%20Raga/Tareas/M%C3%B3dulo%207%203%20d2f1ce9d42364363a70ffab6540b9052.html), Módulo 7.4 (Proyectos%20Lorena%20Moreno%20Doymar%20Raga/Tareas/M%C3%B3dulo%207%204%206c800d71dbb44ef6acf9266169ed6328.html), Módulo 7.5 (Proyectos%20Lorena%20Moreno%20Doymar%20Raga/Tareas/M%C3%B3dulo%207%205%2096373fd58ffa497586241d4c58d2046b.html), Módulo 7.6 (Proyectos%20Lorena%20Moreno%20Doymar%20Raga/Tareas/M%C3%B3dulo%207%206%200d4ab6a502c744088d1b73666672cb5a.html), Módulo 7.7 (Proyectos%20Lorena%20Moreno%20Doymar%20Raga/Tareas/M%C3%B3dulo%207%207%207e9d0cd85673449dad8ceef3d9506e8f.html)",
Módulo 7.1,,,Completado,,,63,,Realización Contenido Flujo de Capacitación DTE (Proyectos%20Lorena%20Moreno%20Doymar%20Raga/Proyectos/Realizaci%C3%B3n%20Contenido%20Flujo%20de%20Capacitaci%C3%B3n%20DTE%20bcbb7cbb8ded4fd1818beb019b1cc0fd.html),,,Redactar Módulo 7 (Proyectos%20Lorena%20Moreno%20Doymar%20Raga/Tareas/Redactar%20M%C3%B3dulo%207%20065a222267f0401ead4d25eea6169c0e.html)
Módulo 7.2,,,Completado,,,64,,Realización Contenido Flujo de Capacitación DTE (Proyectos%20Lorena%20Moreno%20Doymar%20Raga/Proyectos/Realizaci%C3%B3n%20Contenido%20Flujo%20de%20Capacitaci%C3%B3n%20DTE%20bcbb7cbb8ded4fd1818beb019b1cc0fd.html),,,Redactar Módulo 7 (Proyectos%20Lorena%20Moreno%20Doymar%20Raga/Tareas/Redactar%20M%C3%B3dulo%207%20065a222267f0401ead4d25eea6169c0e.html)
Módulo 7.4,,,Completado,,,65,,Realización Contenido Flujo de Capacitación DTE (Proyectos%20Lorena%20Moreno%20Doymar%20Raga/Proyectos/Realizaci%C3%B3n%20Contenido%20Flujo%20de%20Capacitaci%C3%B3n%20DTE%20bcbb7cbb8ded4fd1818beb019b1cc0fd.html),,,Redactar Módulo 7 (Proyectos%20Lorena%20Moreno%20Doymar%20Raga/Tareas/Redactar%20M%C3%B3dulo%207%20065a222267f0401ead4d25eea6169c0e.html)
Módulo 7.3,,,Completado,,,66,,Realización Contenido Flujo de Capacitación DTE (Proyectos%20Lorena%20Moreno%20Doymar%20Raga/Proyectos/Realizaci%C3%B3n%20Contenido%20Flujo%20de%20Capacitaci%C3%B3n%20DTE%20bcbb7cbb8ded4fd1818beb019b1cc0fd.html),,,Redactar Módulo 7 (Proyectos%20Lorena%20Moreno%20Doymar%20Raga/Tareas/Redactar%20M%C3%B3dulo%207%20065a222267f0401ead4d25eea6169c0e.html)
Módulo 7.5,,,Completado,,,67,,Realización Contenido Flujo de Capacitación DTE (Proyectos%20Lorena%20Moreno%20Doymar%20Raga/Proyectos/Realizaci%C3%B3n%20Contenido%20Flujo%20de%20Capacitaci%C3%B3n%20DTE%20bcbb7cbb8ded4fd1818beb019b1cc0fd.html),,,Redactar Módulo 7 (Proyectos%20Lorena%20Moreno%20Doymar%20Raga/Tareas/Redactar%20M%C3%B3dulo%207%20065a222267f0401ead4d25eea6169c0e.html)
Módulo 7.6,,,Completado,,,68,,Realización Contenido Flujo de Capacitación DTE (Proyectos%20Lorena%20Moreno%20Doymar%20Raga/Proyectos/Realizaci%C3%B3n%20Contenido%20Flujo%20de%20Capacitaci%C3%B3n%20DTE%20bcbb7cbb8ded4fd1818beb019b1cc0fd.html),,,Redactar Módulo 7 (Proyectos%20Lorena%20Moreno%20Doymar%20Raga/Tareas/Redactar%20M%C3%B3dulo%207%20065a222267f0401ead4d25eea6169c0e.html)
Módulo 7.7,,,Completado,,,69,,Realización Contenido Flujo de Capacitación DTE (Proyectos%20Lorena%20Moreno%20Doymar%20Raga/Proyectos/Realizaci%C3%B3n%20Contenido%20Flujo%20de%20Capacitaci%C3%B3n%20DTE%20bcbb7cbb8ded4fd1818beb019b1cc0fd.html),,,Redactar Módulo 7 (Proyectos%20Lorena%20Moreno%20Doymar%20Raga/Tareas/Redactar%20M%C3%B3dulo%207%20065a222267f0401ead4d25eea6169c0e.html)
Redactar Módulo 8,,,Completado,Procesos,10 de octubre de 2024,70,Media,Realización Contenido Flujo de Capacitación DTE (Proyectos%20Lorena%20Moreno%20Doymar%20Raga/Proyectos/Realizaci%C3%B3n%20Contenido%20Flujo%20de%20Capacitaci%C3%B3n%20DTE%20bcbb7cbb8ded4fd1818beb019b1cc0fd.html),Lorena Moreno,"Módulo 8.1 (Proyectos%20Lorena%20Moreno%20Doymar%20Raga/Tareas/M%C3%B3dulo%208%201%20b4635fd3df5e430fbc98044aaa92180f.html), Módulo 8.2 (Proyectos%20Lorena%20Moreno%20Doymar%20Raga/Tareas/M%C3%B3dulo%208%202%202ce09386e429440491df32ed2cc8430c.html), Módulo 8.3 (Proyectos%20Lorena%20Moreno%20Doymar%20Raga/Tareas/M%C3%B3dulo%208%203%20da401b151bb24fbda00fc7d1bc11211f.html)",
Módulo 8.1,,,Completado,,,71,,Realización Contenido Flujo de Capacitación DTE (Proyectos%20Lorena%20Moreno%20Doymar%20Raga/Proyectos/Realizaci%C3%B3n%20Contenido%20Flujo%20de%20Capacitaci%C3%B3n%20DTE%20bcbb7cbb8ded4fd1818beb019b1cc0fd.html),,,Redactar Módulo 8 (Proyectos%20Lorena%20Moreno%20Doymar%20Raga/Tareas/Redactar%20M%C3%B3dulo%208%20cf1a7ad3de6947afaa2ae37f5bf8c5ed.html)
Módulo 8.2,,,Completado,,,72,,Realización Contenido Flujo de Capacitación DTE (Proyectos%20Lorena%20Moreno%20Doymar%20Raga/Proyectos/Realizaci%C3%B3n%20Contenido%20Flujo%20de%20Capacitaci%C3%B3n%20DTE%20bcbb7cbb8ded4fd1818beb019b1cc0fd.html),,,Redactar Módulo 8 (Proyectos%20Lorena%20Moreno%20Doymar%20Raga/Tareas/Redactar%20M%C3%B3dulo%208%20cf1a7ad3de6947afaa2ae37f5bf8c5ed.html)
Módulo 8.3,,,Completado,,,74,,Realización Contenido Flujo de Capacitación DTE (Proyectos%20Lorena%20Moreno%20Doymar%20Raga/Proyectos/Realizaci%C3%B3n%20Contenido%20Flujo%20de%20Capacitaci%C3%B3n%20DTE%20bcbb7cbb8ded4fd1818beb019b1cc0fd.html),,,Redactar Módulo 8 (Proyectos%20Lorena%20Moreno%20Doymar%20Raga/Tareas/Redactar%20M%C3%B3dulo%208%20cf1a7ad3de6947afaa2ae37f5bf8c5ed.html)
Traducciones Errores TRM,,,Completado,Investigación,4 de julio de 2024,79,Media,Estudio de investigación (Proyectos%20Lorena%20Moreno%20Doymar%20Raga/Proyectos/Estudio%20de%20investigaci%C3%B3n%20d041dc52fdc64da2ad92c1837434de39.html),Lorena Moreno,,
Seguimiento Sprint 42,,,Completado,Seguimiento,18 de julio de 2024,80,Baja,Seguimiento RFP (Proyectos%20Lorena%20Moreno%20Doymar%20Raga/Proyectos/Seguimiento%20RFP%20e1ccb88ed2084a78accfabff7f8cc0a7.html),Lorena Moreno,,
¿Cómo solicitar/escalar situaciones a a TECH DTE?,,,Completado,Procesos,18 de julio de 2024,82,Media,Estudio de investigación (Proyectos%20Lorena%20Moreno%20Doymar%20Raga/Proyectos/Estudio%20de%20investigaci%C3%B3n%20d041dc52fdc64da2ad92c1837434de39.html),Lorena Moreno,,
Solicitud de Folios,,,Completado,Procesos,18 de julio de 2024,83,Media,Estudio de investigación (Proyectos%20Lorena%20Moreno%20Doymar%20Raga/Proyectos/Estudio%20de%20investigaci%C3%B3n%20d041dc52fdc64da2ad92c1837434de39.html),Lorena Moreno,,
Seguimiento Sprint 43,,,En curso,Seguimiento,16 de agosto de 2024,84,Baja,Seguimiento RFP (Proyectos%20Lorena%20Moreno%20Doymar%20Raga/Proyectos/Seguimiento%20RFP%20e1ccb88ed2084a78accfabff7f8cc0a7.html),Lorena Moreno,,
Seguimiento Sprint 44,,,Sin empezar,Seguimiento,18 de agosto de 2024,85,Baja,Seguimiento RFP (Proyectos%20Lorena%20Moreno%20Doymar%20Raga/Proyectos/Seguimiento%20RFP%20e1ccb88ed2084a78accfabff7f8cc0a7.html),Lorena Moreno,,
,,,Sin empezar,,,86,,,,,
Actualización Resolución Colombia - Proveedor Factura 1,,,Completado,Procesos,20 de septiembre de 2024,87,Media,Estudio de investigación (Proyectos%20Lorena%20Moreno%20Doymar%20Raga/Proyectos/Estudio%20de%20investigaci%C3%B3n%20d041dc52fdc64da2ad92c1837434de39.html),Lorena Moreno,,
Configuración Impuesto Exento Perú,,,Completado,Procesos,8 de octubre de 2024,88,Media,Estudio de investigación (Proyectos%20Lorena%20Moreno%20Doymar%20Raga/Proyectos/Estudio%20de%20investigaci%C3%B3n%20d041dc52fdc64da2ad92c1837434de39.html),Lorena Moreno,,
Seguimiento Sprint 46 Planning,,,En curso,Seguimiento,8 de octubre de 2024,89,Baja,Seguimiento RFP (Proyectos%20Lorena%20Moreno%20Doymar%20Raga/Proyectos/Seguimiento%20RFP%20e1ccb88ed2084a78accfabff7f8cc0a7.html),Lorena Moreno,,
Seguimiento Sprint 46 Review,,,En curso,Seguimiento,25 de octubre de 2024,90,Baja,Seguimiento RFP (Proyectos%20Lorena%20Moreno%20Doymar%20Raga/Proyectos/Seguimiento%20RFP%20e1ccb88ed2084a78accfabff7f8cc0a7.html),Lorena Moreno,,
"Cambio Col Diferido ",,,Completado,Seguimiento,24 de enero de 2025,91,Media,Estudio de investigación (Proyectos%20Lorena%20Moreno%20Doymar%20Raga/Proyectos/Estudio%20de%20investigaci%C3%B3n%20d041dc52fdc64da2ad92c1837434de39.html),Lorena Moreno,,
"Actualización Resolución Colombia - Proveedor Dispapeles ",,,Completado,Procesos,4 de diciembre de 2024,92,Media,Estudio de investigación (Proyectos%20Lorena%20Moreno%20Doymar%20Raga/Proyectos/Estudio%20de%20investigaci%C3%B3n%20d041dc52fdc64da2ad92c1837434de39.html),Lorena Moreno,,
¿Qué podría salir mal?,,,Completado,Procesos,24 de enero de 2025,93,Alta,Estudio de investigación (Proyectos%20Lorena%20Moreno%20Doymar%20Raga/Proyectos/Estudio%20de%20investigaci%C3%B3n%20d041dc52fdc64da2ad92c1837434de39.html),Lorena Moreno,,
¿Qué hacer si descargo el certificado y no aparece para ingresar al SII?,,,Completado,Procesos,24 de enero de 2025,94,Baja,Estudio de investigación (Proyectos%20Lorena%20Moreno%20Doymar%20Raga/Proyectos/Estudio%20de%20investigaci%C3%B3n%20d041dc52fdc64da2ad92c1837434de39.html),Lorena Moreno,,
"Factura Global México ",,,Completado,Procesos,28 de agosto de 2025,95,Media,Estudio de investigación (Proyectos%20Lorena%20Moreno%20Doymar%20Raga/Proyectos/Estudio%20de%20investigaci%C3%B3n%20d041dc52fdc64da2ad92c1837434de39.html),Lorena Moreno,,
Impuestos Costa Rica,,,Completado,Procesos,7 de marzo de 2025,96,Media,Estudio de investigación (Proyectos%20Lorena%20Moreno%20Doymar%20Raga/Proyectos/Estudio%20de%20investigaci%C3%B3n%20d041dc52fdc64da2ad92c1837434de39.html),Lorena Moreno,,
Actualización Centro de Ayuda DTE,,,Completado,Procesos,14 de agosto de 2025,99,Media,Estudio de investigación (Proyectos%20Lorena%20Moreno%20Doymar%20Raga/Proyectos/Estudio%20de%20investigaci%C3%B3n%20d041dc52fdc64da2ad92c1837434de39.html),Lorena Moreno,,
Seguimiento Planeación Engineering,,,En curso,Seguimiento,28 de agosto de 2025,100,Media,Estudio de investigación (Proyectos%20Lorena%20Moreno%20Doymar%20Raga/Proyectos/Estudio%20de%20investigaci%C3%B3n%20d041dc52fdc64da2ad92c1837434de39.html),"Lorena Moreno, Doymar Raga Flores",,
"Flujo Capacitación DTE ",,,En curso,Procesos,1 de septiembre de 2025,101,Media,Estudio de investigación (Proyectos%20Lorena%20Moreno%20Doymar%20Raga/Proyectos/Estudio%20de%20investigaci%C3%B3n%20d041dc52fdc64da2ad92c1837434de39.html),"Lorena Moreno, Doymar Raga Flores",,
Proveedor Argentina Toteat DTE,,,En curso,"Procesos, Seguimiento",25 de septiembre de 2025,102,Media,Estudio de investigación (Proyectos%20Lorena%20Moreno%20Doymar%20Raga/Proyectos/Estudio%20de%20investigaci%C3%B3n%20d041dc52fdc64da2ad92c1837434de39.html),"Lorena Moreno, Doymar Raga Flores",,
Documentos Fiscales,,,En curso,Procesos,30 de septiembre de 2025,103,Media,Estudio de investigación (Proyectos%20Lorena%20Moreno%20Doymar%20Raga/Proyectos/Estudio%20de%20investigaci%C3%B3n%20d041dc52fdc64da2ad92c1837434de39.html),"Lorena Moreno, Doymar Raga Flores",,
"Creación Cliente Colombia ",,,En curso,Procesos,8 de septiembre de 2025,104,Media,Estudio de investigación (Proyectos%20Lorena%20Moreno%20Doymar%20Raga/Proyectos/Estudio%20de%20investigaci%C3%B3n%20d041dc52fdc64da2ad92c1837434de39.html),Lorena Moreno,,
Cómo instalar el certificado digital IDOK en Windows,,,En curso,Procesos,10 de septiembre de 2025,105,Media,Estudio de investigación (Proyectos%20Lorena%20Moreno%20Doymar%20Raga/Proyectos/Estudio%20de%20investigaci%C3%B3n%20d041dc52fdc64da2ad92c1837434de39.html),Doymar Raga Flores,,
Método de Pago “Crédito” Colombia,,,En curso,Procesos,9 de octubre de 2025,107,Media,Estudio de investigación (Proyectos%20Lorena%20Moreno%20Doymar%20Raga/Proyectos/Estudio%20de%20investigaci%C3%B3n%20d041dc52fdc64da2ad92c1837434de39.html),Lorena Moreno,,
"Procedimiento Bajas Argentina - Facturante ",,,En curso,Procesos,1 de diciembre de 2025,108,Media,Estudio de investigación (Proyectos%20Lorena%20Moreno%20Doymar%20Raga/Proyectos/Estudio%20de%20investigaci%C3%B3n%20d041dc52fdc64da2ad92c1837434de39.html),Lorena Moreno,,
"Argentina - Como emitir una nota de crédito ",,,En curso,Procesos,22 de diciembre de 2025,109,Media,Estudio de investigación (Proyectos%20Lorena%20Moreno%20Doymar%20Raga/Proyectos/Estudio%20de%20investigaci%C3%B3n%20d041dc52fdc64da2ad92c1837434de39.html),Lorena Moreno,,
Carga de Certificado Digital en DTEadmin,,,En curso,Procesos,30 de enero de 2026,110,Media,Estudio de investigación (Proyectos%20Lorena%20Moreno%20Doymar%20Raga/Proyectos/Estudio%20de%20investigaci%C3%B3n%20d041dc52fdc64da2ad92c1837434de39.html),Lorena Moreno,,
Manual de Solución: Certificado IDOK no aparece en el SII,,,Completado,Procesos,30 de enero de 2026,111,Alta,Estudio de investigación (Proyectos%20Lorena%20Moreno%20Doymar%20Raga/Proyectos/Estudio%20de%20investigaci%C3%B3n%20d041dc52fdc64da2ad92c1837434de39.html),Lorena Moreno,,
Guía de Configuración: Código CAByS (Costa Rica),,,En curso,Procesos,3 de febrero de 2026,112,Media,Estudio de investigación (Proyectos%20Lorena%20Moreno%20Doymar%20Raga/Proyectos/Estudio%20de%20investigaci%C3%B3n%20d041dc52fdc64da2ad92c1837434de39.html),Lorena Moreno,"Clientes (Proyectos%20Lorena%20Moreno%20Doymar%20Raga/Tareas/Clientes%202fc390731e23809093c8cae4bef4959f.html), Equipo Toteat (Proyectos%20Lorena%20Moreno%20Doymar%20Raga/Tareas/Equipo%20Toteat%202fc390731e23802a9dd3f8c8ab7cb004.html)",
Clientes,,,Sin empezar,,,113,,Estudio de investigación (Proyectos%20Lorena%20Moreno%20Doymar%20Raga/Proyectos/Estudio%20de%20investigaci%C3%B3n%20d041dc52fdc64da2ad92c1837434de39.html),,,Guía de Configuración: Código CAByS (Costa Rica) (Proyectos%20Lorena%20Moreno%20Doymar%20Raga/Tareas/Gu%C3%ADa%20de%20Configuraci%C3%B3n%20C%C3%B3digo%20CAByS%20(Costa%20Rica)%202fc390731e2380069b1cdcf85413a118.html)
Equipo Toteat,,,Sin empezar,,,114,,Estudio de investigación (Proyectos%20Lorena%20Moreno%20Doymar%20Raga/Proyectos/Estudio%20de%20investigaci%C3%B3n%20d041dc52fdc64da2ad92c1837434de39.html),,,Guía de Configuración: Código CAByS (Costa Rica) (Proyectos%20Lorena%20Moreno%20Doymar%20Raga/Tareas/Gu%C3%ADa%20de%20Configuraci%C3%B3n%20C%C3%B3digo%20CAByS%20(Costa%20Rica)%202fc390731e2380069b1cdcf85413a118.html)